_MEMBER_LN_meta,_MEMBER_N0,_LogP_LN_meta,_LogP_N0,GO,_PATTERN_,_RANK_,GiniIndex,Category,CategoryID,Description,PARENT_GO,LogP,Enrichment,Z-score,#TotalGeneInLibrary,#GeneInGO,#GeneInHitList,#GeneInGOAndHitList,%InGO,STDV %InGO,GeneID,Hits,Log(q-value),EvidenceCutoff,GROUP_ID,FirstInGroupByGini,FirstInGroupByEnrichment,FirstInGroupByLogP,BestLogPInGroup,BestEnrichmentInGroup,BestGiniInGroup,URL
0,1,0.0,-5.7397130563731915,GO:0007586,M01,1,0.3516257307046058,GO Biological Processes,19,digestion,19_GO:0032501 multicellular organismal process,-5.757532293551123,12.31522245515956,8.568692768713431,30211,106,162,7,4.320987654320987,1.5975054456587263,362|4583|4588|7031|7033|7429|115111,AQP5|MUC2|MUC6|TFF1|TFF3|VIL1|SLC26A7,-2.6149668611794743,2.0,1,1,1,0,-6.909944588198673,58.098076923076924,0.3516257307046058,
0,1,0.0,-5.581995626949867,GO:0022600,M01,1,0.3480703943488632,GO Biological Processes,19,digestive system process,19_GO:0032501 multicellular organismal process,-6.909944588198673,18.13074417009602,10.68552627170681,30211,72,162,7,4.320987654320987,1.5975054456587263,362|4583|4588|7031|7033|7429|115111,AQP5|MUC2|MUC6|TFF1|TFF3|VIL1|SLC26A7,-3.199793158927111,2.0,1,0,0,1,-6.909944588198673,58.098076923076924,0.3516257307046058,
0,1,0.0,-5.431921363260672,GO:0030277,M01,1,0.3445254623739602,GO Biological Processes,19,maintenance of gastrointestinal epithelium,19_GO:0032501 multicellular organismal process,-5.442527492492463,37.297530864197526,11.922605937359139,30211,20,162,4,2.4691358024691357,1.2192310586166788,4583|4588|7031|7033,MUC2|MUC6|TFF1|TFF3,-2.4382647582870955,2.0,1,0,0,0,-6.909944588198673,58.098076923076924,0.3516257307046058,
0,1,0.0,-4.697655202234453,GO:0010669,M01,1,0.32448920397853676,GO Biological Processes,19,epithelial structure maintenance,19_GO:0032501 multicellular organismal process,-4.723646474968949,58.098076923076924,12.992234835066835,30211,30,52,3,5.769230769230769,3.2333569518334904,4588|7031|7033,MUC6|TFF1|TFF3,-1.9847104859977316,3.0,1,0,0,0,-6.909944588198673,58.098076923076924,0.3516257307046058,
0,1,0.0,-3.813286261915857,GO:0048871,M01,1,0.29224173556592814,GO Biological Processes,19,multicellular organismal homeostasis,19_GO:0032501 multicellular organismal process,-4.459974665500801,9.709985001071352,6.893606362429553,30211,359,52,6,11.538461538461538,4.430467198778679,213|359|4588|6456|7031|7033,ALB|AQP2|MUC6|SH3GL2|TFF1|TFF3,-1.8841412621153715,3.0,1,0,0,0,-6.909944588198673,58.098076923076924,0.3516257307046058,
0,1,0.0,-3.5336329604052943,GO:0001894,M01,1,0.27942634334681493,GO Biological Processes,19,tissue homeostasis,19_GO:0032501 multicellular organismal process,-4.287378905239194,12.414119000657461,7.278213760725619,30211,234,52,5,9.615384615384615,4.088169705750142,213|4588|6456|7031|7033,ALB|MUC6|SH3GL2|TFF1|TFF3,-1.8025798349101412,3.0,1,0,0,0,-6.909944588198673,58.098076923076924,0.3516257307046058,
0,1,0.0,-3.0618293421516474,GO:0060249,M01,1,0.25380551082673586,GO Biological Processes,19,anatomical structure homeostasis,19_GO:0065007 biological regulation,-3.9131995812095663,10.337736107309059,6.5299516191613955,30211,281,52,5,9.615384615384615,4.088169705750142,213|4588|6456|7031|7033,ALB|MUC6|SH3GL2|TFF1|TFF3,-1.5751143379439103,3.0,1,0,0,0,-6.909944588198673,58.098076923076924,0.3516257307046058,
1,0,-2.1097230381553334,0.0,GO:0008015,M10,1,0.17842795395914313,GO Biological Processes,19,blood circulation,19_GO:0032501 multicellular organismal process,-6.399662045927582,11.619615384615386,8.878080471948598,30211,400,52,8,15.384615384615385,5.003412581446084,796|4624|4634|4635|6456|58498|91807|219537,CALCA|MYH6|MYL3|MYL4|SH3GL2|MYL7|MYLK3|SMTNL1,-2.9629104821382644,3.0,2,0,0,0,-8.77767865800428,67.03624260355029,0.33125850216311803,
1,0,-2.138179562595841,0.0,GO:0003015,M10,1,0.18134391928394966,GO Biological Processes,19,heart process,19_GO:0032501 multicellular organismal process,-4.436119276408701,21.517806267806268,8.86964992551136,30211,108,52,4,7.6923076923076925,3.695265087809703,4624|4634|4635|58498,MYH6|MYL3|MYL4|MYL7,-1.867585111764771,3.0,2,0,0,0,-8.77767865800428,67.03624260355029,0.33125850216311803,
1,0,-2.1664046288551533,0.0,GO:0006941,M10,1,0.18418439295878608,GO Biological Processes,19,striated muscle contraction,19_GO:0032501 multicellular organismal process,-4.467954371606233,21.92380261248186,8.96071773354408,30211,106,52,4,7.6923076923076925,3.695265087809703,4624|4626|4634|4635,MYH6|MYH8|MYL3|MYL4,-1.8846969501415962,3.0,2,0,0,0,-8.77767865800428,67.03624260355029,0.33125850216311803,
1,0,-2.383261584528493,0.0,GO:0060047,M10,1,0.20442722946018832,GO Biological Processes,19,heart contraction,19_GO:0032501 multicellular organismal process,-4.710143545349897,25.260033444816056,9.67684089467147,30211,92,52,4,7.6923076923076925,3.695265087809703,4624|4634|4635|58498,MYH6|MYL3|MYL4|MYL7,-1.9847104859977316,3.0,2,0,0,0,-8.77767865800428,67.03624260355029,0.33125850216311803,
1,0,-2.9234858181014136,0.0,GO:0006936,M10,1,0.2451246044049924,GO Biological Processes,19,muscle contraction,19_GO:0032501 multicellular organismal process,-5.590190266347367,15.356319891562181,9.01529280587751,30211,227,52,6,11.538461538461538,4.430467198778679,4624|4626|4629|4634|4635|219931,MYH6|MYH8|MYH11|MYL3|MYL4|TPCN2,-2.473953772698067,3.0,2,0,0,0,-8.77767865800428,67.03624260355029,0.33125850216311803,
1,0,-3.0985093090913804,0.0,GO:0002026,M10,1,0.2560088499050659,GO Biological Processes,19,regulation of the force of heart contraction,19_GO:0032501 multicellular organismal process,-4.915087340330632,67.03624260355029,13.98756134047064,30211,26,52,3,5.769230769230769,3.2333569518334904,4624|4634|4635,MYH6|MYL3|MYL4,-2.1366036493700533,3.0,2,0,0,0,-8.77767865800428,67.03624260355029,0.33125850216311803,
1,0,-3.043354866559878,0.0,GO:0003012,M10,1,0.25268062462921814,GO Biological Processes,19,muscle system process,19_GO:0032501 multicellular organismal process,-6.2816147249550465,14.472830550232684,9.421655383612263,30211,281,52,7,13.461538461538462,4.7331499277444244,487|4624|4626|4629|4634|4635|219931,ATP2A1|MYH6|MYH8|MYH11|MYL3|MYL4|TPCN2,-2.953172145288521,3.0,2,0,0,0,-8.77767865800428,67.03624260355029,0.33125850216311803,
1,0,-3.415464884064835,0.0,hsa04260,M10,1,0.2735232809553205,KEGG Pathway,24,Cardiac muscle contraction,,-4.806133355654759,26.711759504862954,9.972491387701748,30211,87,52,4,7.6923076923076925,3.695265087809703,487|4624|4634|4635,ATP2A1|MYH6|MYL3|MYL4,-2.0505125476536845,3.0,2,0,0,0,-8.77767865800428,67.03624260355029,0.33125850216311803,
1,0,-3.1518601450958443,0.0,hsa04261,M10,1,0.25914410287128886,KEGG Pathway,24,Adrenergic signaling in cardiomyocytes,,-3.8816905113819775,15.492820512820515,7.388655149881409,30211,150,52,4,7.6923076923076925,3.695265087809703,487|4624|4634|4635,ATP2A1|MYH6|MYL3|MYL4,-1.5520384356531842,3.0,2,0,0,0,-8.77767865800428,67.03624260355029,0.33125850216311803,
1,0,-3.5446050813224472,0.0,GO:0032781,M10,1,0.27995887825108734,GO Biological Processes,19,positive regulation of ATP-dependent activity,19_GO:0065007 biological regulation,-5.957301178402886,51.64273504273505,14.116697605430334,30211,45,52,4,7.6923076923076925,3.695265087809703,229|487|4634|4635,ALDOB|ATP2A1|MYL3|MYL4,-2.756743799053551,3.0,2,0,0,0,-8.77767865800428,67.03624260355029,0.33125850216311803,
1,0,-3.7717856170046056,0.0,GO:0043462,M10,1,0.29043484341869275,GO Biological Processes,19,regulation of ATP-dependent activity,19_GO:0065007 biological regulation,-6.768327323571041,39.79320337197049,13.779340269402866,30211,73,52,5,9.615384615384615,4.088169705750142,229|487|4624|4634|4635,ALDOB|ATP2A1|MYH6|MYL3|MYL4,-3.199793158927111,3.0,2,0,0,0,-8.77767865800428,67.03624260355029,0.33125850216311803,
1,0,-3.8328896956554885,0.0,WP383,M10,1,0.29308445609695033,WikiPathways,27,Striated muscle contraction pathway,,-6.25846487515787,61.155870445344135,15.407392032437782,30211,38,52,4,7.6923076923076925,3.695265087809703,4624|4626|4634|4635,MYH6|MYH8|MYL3|MYL4,-2.953172145288521,3.0,2,0,0,0,-8.77767865800428,67.03624260355029,0.33125850216311803,
1,0,-3.926093919460952,0.0,R-HSA-390522,M10,1,0.29699940432531835,Reactome Gene Sets,6,Striated Muscle Contraction,,-6.355353387726513,64.55341880341881,15.84291509836789,30211,36,52,4,7.6923076923076925,3.695265087809703,4624|4626|4634|4635,MYH6|MYH8|MYL3|MYL4,-2.9629104821382644,3.0,2,0,0,0,-8.77767865800428,67.03624260355029,0.33125850216311803,
1,0,-4.926224508014464,0.0,R-HSA-397014,M10,1,0.33125850216311803,Reactome Gene Sets,6,Muscle contraction,,-8.77767865800428,23.593127684498246,13.210403912882402,30211,197,52,8,15.384615384615385,5.003412581446084,72|487|4624|4626|4629|4634|4635|58498,ACTG2|ATP2A1|MYH6|MYH8|MYH11|MYL3|MYL4|MYL7,-4.638419714988018,3.0,2,1,1,1,-8.77767865800428,67.03624260355029,0.33125850216311803,
0,1,0.0,-3.4776827823417467,M5880,M01,1,0.27667020005445364,Canonical Pathways,11,NABA ECM AFFILIATED,,-4.2393800607604115,4.7263767209011265,5.469659486230861,30211,170,376,10,2.6595744680851063,0.8297719990243995,3960|4583|4588|10071|11199|54910|55600|56891|78989|727897,LGALS4|MUC2|MUC6|MUC12|ANXA10|SEMA4C|ITLN1|LGALS14|COLEC11|MUC5B,-1.7791853709053198,1.0,3,0,0,0,-4.545302835129841,4.7263767209011265,0.32839287680062035,
0,1,0.0,-4.827263934948447,M5885,M01,1,0.32839287680062035,Canonical Pathways,11,NABA MATRISOME ASSOCIATED,,-4.545302835129841,2.5677253024336344,4.88404693711995,30211,751,376,24,6.382978723404255,1.260651907256163,651|2248|3960|4583|4588|5274|5276|5473|6284|6469|7053|7475|10071|11172|11199|54910|55600|56891|64399|78989|83888|116179|339366|727897,BMP3|FGF3|LGALS4|MUC2|MUC6|SERPINI1|SERPINI2|PPBP|S100A13|SHH|TGM3|WNT6|MUC12|INSL6|ANXA10|SEMA4C|ITLN1|LGALS14|HHIP|COLEC11|FGFBP2|TGM7|ADAMTSL5|MUC5B,-1.8975874244382864,1.0,3,1,1,1,-4.545302835129841,4.7263767209011265,0.32839287680062035,
1,0,-2.035701138996319,0.0,GO:0008154,M10,1,0.1705868087098239,GO Biological Processes,19,actin polymerization or depolymerization,19_GO:0009987 cellular process,-3.7923412480423098,28.572824716267338,8.950990270354316,30211,61,52,3,5.769230769230769,3.2333569518334904,2017|2693|7429,CTTN|GHSR|VIL1,-1.495447369904353,3.0,4,0,0,0,-8.50798387529593,38.73205128205128,0.3079261809560623,
1,0,-2.0418236228471103,0.0,GO:0048638,M10,1,0.17124984088853523,GO Biological Processes,19,regulation of developmental growth,19_GO:0040007 growth,-4.672019273446744,10.595393967734394,7.266486897386363,30211,329,52,6,11.538461538461538,4.430467198778679,2017|2045|2691|2693|4624|7429,CTTN|EPHA7|GHRH|GHSR|MYH6|VIL1,-1.9739954696451558,3.0,4,0,0,0,-8.50798387529593,38.73205128205128,0.3079261809560623,
1,0,-2.1393771798971795,0.0,GO:0006937,M10,1,0.18146548098666115,GO Biological Processes,19,regulation of muscle contraction,19_GO:0032501 multicellular organismal process,-4.952316961413713,17.087669683257918,8.734317492421935,30211,170,52,5,9.615384615384615,4.088169705750142,487|796|2017|2693|4634,ATP2A1|CALCA|CTTN|GHSR|MYL3,-2.1366036493700533,3.0,4,0,0,0,-8.50798387529593,38.73205128205128,0.3079261809560623,
1,0,-2.4041784431769226,0.0,GO:0045933,M10,1,0.20624336629464168,GO Biological Processes,19,positive regulation of muscle contraction,19_GO:0048518 positive regulation of biological process,-4.188105243625291,38.73205128205128,10.517835530245902,30211,45,52,3,5.769230769230769,3.2333569518334904,487|2017|2693,ATP2A1|CTTN|GHSR,-1.7445098155896608,3.0,4,0,0,0,-8.50798387529593,38.73205128205128,0.3079261809560623,
1,0,-4.20633163321049,0.0,GO:0044057,M10,1,0.3079261809560623,GO Biological Processes,19,regulation of system process,19_GO:0032501 multicellular organismal process,-8.50798387529593,11.153208484360318,10.188839802715467,30211,573,52,11,21.153846153846153,5.663478491249579,335|337|487|796|2017|2693|2911|4624|4634|4635|219537,APOA1|APOA4|ATP2A1|CALCA|CTTN|GHSR|GRM1|MYH6|MYL3|MYL4|SMTNL1,-4.638419714988018,3.0,4,1,1,1,-8.50798387529593,38.73205128205128,0.3079261809560623,
0,1,0.0,-2.5050247181771605,GO:0072348,M01,1,0.21469530733578823,GO Biological Processes,19,sulfur compound transport,19_GO:0051179 localization,-2.51254739517333,10.36042524005487,5.054942838861531,30211,54,162,3,1.8518518518518519,1.0592212079204733,6506|26266|115111,SLC1A2|SLC13A4|SLC26A7,-0.5387739831158631,2.0,5,0,0,0,-8.579543560454006,16.953423120089784,0.3181499024764316,
0,1,0.0,-2.1066922197589024,GO:0098739,M01,1,0.1781142355718759,GO Biological Processes,19,import across plasma membrane,19_GO:0051179 localization,-2.70432201291586,12.103766025641026,5.545938700431178,30211,144,52,3,5.769230769230769,3.2333569518334904,2670|2911|6550,GFAP|GRM1|SLC9A3,-0.6777828839993402,3.0,5,0,0,0,-8.579543560454006,16.953423120089784,0.3181499024764316,
0,1,0.0,-2.6408171970774665,GO:0015698,M01,1,0.2253363885441122,GO Biological Processes,19,inorganic anion transport,19_GO:0051179 localization,-2.652413184916424,5.5173862225144275,4.323983344715411,30211,169,162,5,3.0864197530864197,1.3588211766912859,1244|26266|55867|57282|115111,ABCC2|SLC13A4|SLC22A11|SLC4A10|SLC26A7,-0.6381662298044558,2.0,5,0,0,0,-8.579543560454006,16.953423120089784,0.3181499024764316,
0,1,0.0,-2.784991774454371,GO:0046942,M01,1,0.23579863323635486,GO Biological Processes,19,carboxylic acid transport,19_GO:0051179 localization,-2.0811832869611746,4.036529314307092,3.401617772017893,30211,231,162,5,3.0864197530864197,1.3588211766912859,1244|2670|2911|6506|115111,ABCC2|GFAP|GRM1|SLC1A2|SLC26A7,-0.17697764099804958,2.0,5,0,0,0,-8.579543560454006,16.953423120089784,0.3181499024764316,
0,1,0.0,-2.7925747732641786,GO:0015711,M01,1,0.23632688614354636,GO Biological Processes,19,organic anion transport,19_GO:0051179 localization,-3.520117155048059,4.7664576184278,4.9181530885871805,30211,313,162,8,4.938271604938271,1.702287194237429,1244|2670|2911|6506|6514|55867|57282|115111,ABCC2|GFAP|GRM1|SLC1A2|SLC2A2|SLC22A11|SLC4A10|SLC26A7,-1.2873750923273224,2.0,5,0,0,0,-8.579543560454006,16.953423120089784,0.3181499024764316,
0,1,0.0,-2.8495597693944172,GO:0043090,M01,1,0.2402300367043495,GO Biological Processes,19,amino acid import,19_GO:0051179 localization,-2.8572199423326134,13.645438121047876,5.949164970425541,30211,41,162,3,1.8518518518518519,1.0592212079204733,2670|2911|6506,GFAP|GRM1|SLC1A2,-0.8027905986615159,2.0,5,0,0,0,-8.579543560454006,16.953423120089784,0.3181499024764316,
0,1,0.0,-3.1267265845451973,GO:0089718,M01,1,0.25767718565483566,GO Biological Processes,19,amino acid import across plasma membrane,19_GO:0051179 localization,-3.134471857480718,16.953423120089784,6.732610416689198,30211,33,162,3,1.8518518518518519,1.0592212079204733,2670|2911|6506,GFAP|GRM1|SLC1A2,-0.9809110408076059,2.0,5,0,0,0,-8.579543560454006,16.953423120089784,0.3181499024764316,
0,1,0.0,-3.760574508422195,R-HSA-382551,M01,1,0.28994131942881163,Reactome Gene Sets,6,Transport of small molecules,,-8.579543560454006,5.116259377804874,8.260491419779862,30211,729,162,20,12.345679012345679,2.584560175777335,213|335|337|359|362|487|1244|1356|3933|6506|6514|6527|6550|26266|55867|57282|79054|80036|115111|219931,ALB|APOA1|APOA4|AQP2|AQP5|ATP2A1|ABCC2|CP|LCN1|SLC1A2|SLC2A2|SLC5A4|SLC9A3|SLC13A4|SLC22A11|SLC4A10|TRPM8|TRPM3|SLC26A7|TPCN2,-4.638419714988018,2.0,5,0,0,1,-8.579543560454006,16.953423120089784,0.3181499024764316,
0,1,0.0,-3.775751907424564,GO:0006820,M01,1,0.2906088885301261,GO Biological Processes,19,anion transport,19_GO:0051179 localization,-3.7975850055253364,4.1719833181429005,4.9608588041479935,30211,447,162,10,6.172839506172839,1.8908160153758877,1244|2670|2911|6506|6514|6550|26266|55867|57282|115111,ABCC2|GFAP|GRM1|SLC1A2|SLC2A2|SLC9A3|SLC13A4|SLC22A11|SLC4A10|SLC26A7,-1.495447369904353,2.0,5,0,0,0,-8.579543560454006,16.953423120089784,0.3181499024764316,
0,1,0.0,-4.1690187308752265,R-HSA-425407,M01,1,0.30653968343607096,Reactome Gene Sets,6,SLC-mediated transmembrane transport,,-5.965862969079433,7.459506172839506,7.530243635134906,30211,250,162,10,6.172839506172839,1.8908160153758877,1356|3933|6506|6514|6527|6550|26266|55867|57282|115111,CP|LCN1|SLC1A2|SLC2A2|SLC5A4|SLC9A3|SLC13A4|SLC22A11|SLC4A10|SLC26A7,-2.756743799053551,2.0,5,0,0,0,-8.579543560454006,16.953423120089784,0.3181499024764316,
0,1,0.0,-4.4640496931051805,GO:0098656,M01,1,0.31698555903291803,GO Biological Processes,19,anion transmembrane transport,19_GO:0051179 localization,-3.629895329191217,5.750720617827812,5.275279721953846,30211,227,162,7,4.320987654320987,1.5975054456587263,2670|2911|6506|6550|26266|57282|115111,GFAP|GRM1|SLC1A2|SLC9A3|SLC13A4|SLC4A10|SLC26A7,-1.377334212434083,2.0,5,0,0,0,-8.579543560454006,16.953423120089784,0.3181499024764316,
0,1,0.0,-4.499034719353925,GO:0006835,M01,1,0.3181499024764316,GO Biological Processes,19,dicarboxylic acid transport,19_GO:0051179 localization,-4.511824364333013,13.916989128431913,7.771701523086109,30211,67,162,5,3.0864197530864197,1.3588211766912859,1244|2670|2911|6506|115111,ABCC2|GFAP|GRM1|SLC1A2|SLC26A7,-1.8846969501415962,2.0,5,1,1,0,-8.579543560454006,16.953423120089784,0.3181499024764316,
1,0,-4.027757718867106,0.0,R-HSA-2168880,M10,1,0.3011041788574236,Reactome Gene Sets,6,Scavenging of heme from plasma,,-5.866828005098365,134.07248520710058,19.926885219653048,30211,13,52,3,5.769230769230769,3.2333569518334904,213|335|3250,ALB|APOA1|HPR,-2.696233849126473,3.0,6,1,1,1,-5.866828005098365,134.07248520710058,0.3011041788574236,
1,0,-2.792364037361329,0.0,R-HSA-8963899,M10,1,0.23631223422955316,Reactome Gene Sets,6,Plasma lipoprotein remodeling,,-4.596881703748272,52.81643356643357,12.366529180580388,30211,33,52,3,5.769230769230769,3.2333569518334904,213|335|337,ALB|APOA1|APOA4,-1.9314375260962855,3.0,6,0,0,0,-5.866828005098365,134.07248520710058,0.3011041788574236,
1,0,-2.5818148225578197,0.0,GO:0045923,M10,1,0.2208119209005095,GO Biological Processes,19,positive regulation of fatty acid metabolic process,19_GO:0048518 positive regulation of biological process,-4.376023706495014,44.69082840236686,11.336763820839666,30211,39,52,3,5.769230769230769,3.2333569518334904,335|337|2693,APOA1|APOA4|GHSR,-1.8422516481102955,3.0,6,0,0,0,-5.866828005098365,134.07248520710058,0.3011041788574236,
1,0,-2.4894987654364162,0.0,GO:0044058,M10,1,0.21342589087434916,GO Biological Processes,19,regulation of digestive system process,19_GO:0032501 multicellular organismal process,-4.278563256503124,41.49862637362637,10.905687442568837,30211,42,52,3,5.769230769230769,3.2333569518334904,335|337|2693,APOA1|APOA4|GHSR,-1.8025798349101412,3.0,6,0,0,0,-5.866828005098365,134.07248520710058,0.3011041788574236,
1,0,-2.383261584528493,0.0,WP15,M10,1,0.20442722946018832,WikiPathways,27,Selenium micronutrient network,,-3.851710203636576,10.135198604401502,6.443316891431923,30211,92,162,5,3.0864197530864197,1.3588211766912859,213|247|335|1401|10549,ALB|ALOX15B|APOA1|CRP|PRDX4,-1.5303306538737724,2.0,6,0,0,0,-5.866828005098365,134.07248520710058,0.3011041788574236,
1,0,-2.2043489135712817,0.0,WP1533,M10,1,0.18792412219383148,WikiPathways,27,Vitamin B12 metabolism,,-2.535674177037586,10.555904961565338,5.112417893782017,30211,53,162,3,1.8518518518518519,1.0592212079204733,213|335|1401,ALB|APOA1|CRP,-0.5567779591610339,2.0,6,0,0,0,-5.866828005098365,134.07248520710058,0.3011041788574236,
1,0,-2.3771275754742947,0.0,GO:0050919,M10,1,0.2038903690632543,GO Biological Processes,19,negative chemotaxis,19_GO:0040011 locomotion,-2.7122108674654424,12.162238325281804,5.562837837434834,30211,46,162,3,1.8518518518518519,1.0592212079204733,335|2045|54910,APOA1|EPHA7|SEMA4C,-0.6835887874006303,2.0,6,0,0,0,-5.866828005098365,134.07248520710058,0.3011041788574236,
1,0,-2.2997262726517027,0.0,GO:0042304,M10,1,0.19694455922357856,GO Biological Processes,19,regulation of fatty acid biosynthetic process,19_GO:0008152 metabolic process,-2.633196870442315,11.417611489040059,5.358632666366119,30211,49,162,3,1.8518518518518519,1.0592212079204733,335|337|5166,APOA1|APOA4|PDK4,-0.630903729099852,2.0,6,0,0,0,-5.866828005098365,134.07248520710058,0.3011041788574236,
1,0,-3.661658063684908,0.0,R-HSA-2173782,M10,1,0.2854840517389796,Reactome Gene Sets,6,Binding and Uptake of Ligands by Scavenger Receptors,,-5.520035487234196,22.200911228689005,10.095238261022244,30211,42,162,5,3.0864197530864197,1.3588211766912859,213|335|3250|78989|117156,ALB|APOA1|HPR|COLEC11|SCGB3A2,-2.4521036731594514,2.0,6,0,0,0,-5.866828005098365,134.07248520710058,0.3011041788574236,
1,0,-2.0553762566481026,0.0,GO:0030301,M10,1,0.17270806735369182,GO Biological Processes,19,cholesterol transport,19_GO:0051179 localization,-3.813716097086613,29.049038461538462,9.030489845734992,30211,60,52,3,5.769230769230769,3.2333569518334904,335|337|219931,APOA1|APOA4|TPCN2,-1.500454437545989,3.0,6,0,0,0,-5.866828005098365,134.07248520710058,0.3011041788574236,
1,0,-2.383261584528493,0.0,GO:0019217,M10,1,0.20442722946018832,GO Biological Processes,19,regulation of fatty acid metabolic process,19_GO:0008152 metabolic process,-3.2659244682434045,18.94502508361204,7.157910683841556,30211,92,52,3,5.769230769230769,3.2333569518334904,335|337|2693,APOA1|APOA4|GHSR,-1.086556387964007,3.0,6,0,0,0,-5.866828005098365,134.07248520710058,0.3011041788574236,
1,0,-3.5446050813224472,0.0,M106,M10,1,0.27995887825108734,Canonical Pathways,11,PID HNF3B PATHWAY,,-4.188105243625291,38.73205128205128,10.517835530245902,30211,45,52,3,5.769230769230769,3.2333569518334904,213|229|335,ALB|ALDOB|APOA1,-1.7445098155896608,3.0,6,0,0,0,-5.866828005098365,134.07248520710058,0.3011041788574236,
1,0,-2.192807848550612,0.0,GO:0009266,M10,1,0.1867960593200264,GO Biological Processes,19,response to temperature stimulus,19_GO:0050896 response to stimulus,-5.490550596178263,9.041825664047886,7.605384104188706,30211,165,162,8,4.938271604938271,1.702287194237429,796|4914|5024|7352|27344|79054|80036|644168,CALCA|NTRK1|P2RX3|UCP3|PCSK1N|TRPM8|TRPM3|DRGX,-2.4448951768146707,2.0,7,0,0,0,-6.787523963282729,38.85159465020576,0.3033886226431781,
0,1,0.0,-2.2234266288009175,GO:0033555,M01,1,0.18977113018018676,GO Biological Processes,19,multicellular organismal response to stress,19_GO:0032501 multicellular organismal process,-2.230802347768132,8.227396514161219,4.38087598830575,30211,68,162,3,1.8518518518518519,1.0592212079204733,796|4914|5024,CALCA|NTRK1|P2RX3,-0.30175451810175935,2.0,7,0,0,0,-6.787523963282729,38.85159465020576,0.3033886226431781,
0,1,0.0,-2.6776689100023656,GO:1990089,M01,1,0.22808862774997407,GO Biological Processes,19,response to nerve growth factor,19_GO:0050896 response to stimulus,-4.131225534258649,37.08387888707038,10.27983739721536,30211,47,52,3,5.769230769230769,3.2333569518334904,796|4914|6456,CALCA|NTRK1|SH3GL2,-1.7088194052929566,3.0,7,0,0,0,-6.787523963282729,38.85159465020576,0.3033886226431781,
0,1,0.0,-2.7321822389165247,GO:1990090,M01,1,0.23206024358277144,GO Biological Processes,19,cellular response to nerve growth factor stimulus,19_GO:0050896 response to stimulus,-4.188105243625291,38.73205128205128,10.517835530245902,30211,45,52,3,5.769230769230769,3.2333569518334904,796|4914|6456,CALCA|NTRK1|SH3GL2,-1.7445098155896608,3.0,7,0,0,0,-6.787523963282729,38.85159465020576,0.3033886226431781,
0,1,0.0,-3.1545992382901984,GO:0019233,M01,1,0.2593028971883353,GO Biological Processes,19,sensory perception of pain,19_GO:0032501 multicellular organismal process,-5.08553646819295,31.404365904365907,10.873525244299413,30211,74,52,4,7.6923076923076925,3.695265087809703,796|2911|4311|4914,CALCA|GRM1|MME|NTRK1,-2.186009084507595,3.0,7,0,0,0,-6.787523963282729,38.85159465020576,0.3033886226431781,
1,0,-3.202763673012652,0.0,GO:0016048,M10,1,0.2620613296861458,GO Biological Processes,19,detection of temperature stimulus,19_GO:0050896 response to stimulus,-6.787523963282729,38.85159465020576,13.620645258901005,30211,24,162,5,3.0864197530864197,1.3588211766912859,796|4914|79054|80036|644168,CALCA|NTRK1|TRPM8|TRPM3|DRGX,-3.199793158927111,2.0,7,0,0,1,-6.787523963282729,38.85159465020576,0.3033886226431781,
0,1,0.0,-3.293964095602308,GO:0048265,M01,1,0.2671149600379388,GO Biological Processes,19,response to pain,19_GO:0032501 multicellular organismal process,-3.3017520560268068,19.291826309067687,7.236022664632616,30211,29,162,3,1.8518518518518519,1.0592212079204733,796|4914|5024,CALCA|NTRK1|P2RX3,-1.1118649270539147,2.0,7,0,0,0,-6.787523963282729,38.85159465020576,0.3033886226431781,
0,1,0.0,-4.086175649871679,GO:0007635,M01,1,0.3033886226431781,GO Biological Processes,19,chemosensory behavior,19_GO:0007610 behavior,-4.094102969886651,34.96643518518518,9.978386045551803,30211,16,162,3,1.8518518518518519,1.0592212079204733,4009|4914|5024,LMX1A|NTRK1|P2RX3,-1.6855555497936219,2.0,7,1,1,0,-6.787523963282729,38.85159465020576,0.3033886226431781,
0,1,0.0,-2.085645526662374,GO:0007188,M01,1,0.17591870441396362,GO Biological Processes,19,adenylate cyclase-modulating G protein-coupled receptor signaling pathway,19_GO:0023052 signaling,-2.140975107473817,7.611101780315754,4.1699404255460255,30211,229,52,3,5.769230769230769,3.2333569518334904,796|2691|2911,CALCA|GHRH|GRM1,-0.22404197244865143,3.0,7,0,0,0,-6.787523963282729,38.85159465020576,0.3033886226431781,
1,0,-2.7544945827502105,0.0,R-HSA-70263,M10,1,0.2336525654892574,Reactome Gene Sets,6,Gluconeogenesis,,-3.0960599840263328,16.454793028322438,6.620373299733825,30211,34,162,3,1.8518518518518519,1.0592212079204733,229|2027|8789,ALDOB|ENO3|FBP2,-0.9562004450306089,2.0,8,0,0,0,-5.093497474255072,16.57668038408779,0.27995887825108734,
1,0,-2.7614392879816676,0.0,GO:0005975,M10,1,0.23414431991627715,GO Biological Processes,19,carbohydrate metabolic process,19_GO:0008152 metabolic process,-5.093497474255072,4.84383517716851,6.113183284488354,30211,462,162,12,7.407407407407407,2.05761316872428,229|2027|2819|5166|5260|5502|5837|6514|7021|7031|8534|8789,ALDOB|ENO3|GPD1|PDK4|PHKG1|PPP1R1A|PYGM|SLC2A2|TFAP2B|TFF1|CHST1|FBP2,-2.186009084507595,2.0,8,0,0,1,-5.093497474255072,16.57668038408779,0.27995887825108734,
0,1,0.0,-2.13828204518812,GO:0019318,M01,1,0.1813543252005394,GO Biological Processes,19,hexose metabolic process,19_GO:0008152 metabolic process,-3.9321325987137214,7.935644864722878,6.061045546717257,30211,141,162,6,3.7037037037037037,1.4837659569810655,229|2819|5166|7021|8534|8789,ALDOB|GPD1|PDK4|TFAP2B|CHST1|FBP2,-1.585447183686148,2.0,8,0,0,0,-5.093497474255072,16.57668038408779,0.27995887825108734,
1,0,-3.5446050813224472,0.0,WP534,M10,1,0.27995887825108734,WikiPathways,27,Glycolysis and gluconeogenesis,,-3.999985294189091,16.57668038408779,7.677859496666534,30211,45,162,4,2.4691358024691357,1.2192310586166788,229|2027|6514|8789,ALDOB|ENO3|SLC2A2|FBP2,-1.6355711122010859,2.0,8,1,1,0,-5.093497474255072,16.57668038408779,0.27995887825108734,
0,1,0.0,-3.598198833469553,GO:0034587,M01,1,0.2825235410175915,GO Biological Processes,19,piRNA metabolic process,19_GO:0008152 metabolic process,-5.186082145514689,32.43263553408481,11.072492690700686,30211,23,162,4,2.4691358024691357,1.2192310586166788,55124|91646|126668|100129278,PIWIL2|TDRD12|TDRD10|TDRD15,-2.237336739159153,2.0,9,1,1,1,-5.186082145514689,32.43263553408481,0.2825235410175915,
1,0,-3.456654993126246,0.0,GO:0015980,M10,1,0.27561646536643347,GO Biological Processes,19,energy derivation by oxidation of organic compounds,19_GO:0008152 metabolic process,-4.274203986546015,6.139511253365848,5.906278699468657,30211,243,162,8,4.938271604938271,1.702287194237429,158|2819|4715|4726|5260|5502|5837|341947,ADSL|GPD1|NDUFB9|NDUFS6|PHKG1|PPP1R1A|PYGM|COX8C,-1.8025798349101412,2.0,10,1,1,0,-5.064704710072255,7.1042915931804815,0.27561646536643347,
1,0,-3.3334740032666224,0.0,GO:0006091,M10,1,0.269238260285815,GO Biological Processes,19,generation of precursor metabolites and energy,19_GO:0008152 metabolic process,-5.064704710072255,5.287021127656867,6.240417993777523,30211,388,162,11,6.790123456790123,1.976570432234508,126|158|229|2027|2819|4715|4726|5260|5502|5837|341947,ADH1C|ADSL|ALDOB|ENO3|GPD1|NDUFB9|NDUFS6|PHKG1|PPP1R1A|PYGM|COX8C,-2.1804172929436376,2.0,10,0,0,1,-5.064704710072255,7.1042915931804815,0.27561646536643347,
1,0,-3.3102995130483395,0.0,GO:0046034,M10,1,0.2679975609646723,GO Biological Processes,19,ATP metabolic process,19_GO:0008152 metabolic process,-4.036650397789058,6.694428616650838,5.8574542951565745,30211,195,162,7,4.320987654320987,1.5975054456587263,229|2027|4624|4626|4715|4726|341947,ALDOB|ENO3|MYH6|MYH8|NDUFB9|NDUFS6|COX8C,-1.6448724718011292,2.0,10,0,0,0,-5.064704710072255,7.1042915931804815,0.27561646536643347,
1,0,-2.180753512348252,0.0,GO:0022904,M10,1,0.18560908724369196,GO Biological Processes,19,respiratory electron transport chain,19_GO:0008152 metabolic process,-2.6017831053441536,7.1042915931804815,4.600671769047336,30211,105,162,4,2.4691358024691357,1.2192310586166788,2819|4715|4726|341947,GPD1|NDUFB9|NDUFS6|COX8C,-0.6092061294639809,2.0,10,0,0,0,-5.064704710072255,7.1042915931804815,0.27561646536643347,
1,0,-2.038147296291743,0.0,GO:0045333,M10,1,0.17085203498179125,GO Biological Processes,19,cellular respiration,19_GO:0008152 metabolic process,-2.5342475167784646,5.180212620027435,4.130166746165495,30211,180,162,5,3.0864197530864197,1.3588211766912859,158|2819|4715|4726|341947,ADSL|GPD1|NDUFB9|NDUFS6|COX8C,-0.5567779591610339,2.0,10,0,0,0,-5.064704710072255,7.1042915931804815,0.27561646536643347,
0,1,0.0,-3.051122881288129,M5882,M01,1,0.25315485871363363,Canonical Pathways,11,NABA PROTEOGLYCANS,,-3.058846844747255,15.984656084656084,6.512801241680733,30211,35,162,3,1.8518518518518519,1.0592212079204733,1101|1463|63827,CHAD|NCAN|BCAN,-0.9322695177597367,2.0,11,1,1,1,-3.058846844747255,15.984656084656084,0.25315485871363363,
1,0,-3.363225508630461,0.0,GO:0051604,M10,1,0.2708117542808641,GO Biological Processes,19,protein maturation,19_GO:0008152 metabolic process,-4.175693081584277,5.943829619792435,5.774937780050712,30211,251,162,8,4.938271604938271,1.702287194237429,3250|4311|5126|6447|8260|8772|10549|27344,HPR|MME|PCSK2|SCG5|NAA10|FADD|PRDX4|PCSK1N,-1.74282151894042,2.0,12,1,1,0,-4.48164114551746,48.4150641025641,0.2708117542808641,
1,0,-3.2708452530223506,0.0,GO:0042445,M10,1,0.26585431202586207,GO Biological Processes,19,hormone metabolic process,19_GO:0008152 metabolic process,-3.1424019846937434,5.651141040029929,4.821201224797607,30211,198,162,6,3.7037037037037037,1.4837659569810655,126|5126|6447|6822|27344|64577,ADH1C|PCSK2|SCG5|SULT2A1|PCSK1N|ALDH8A1,-0.9832372905026329,2.0,12,0,0,0,-4.48164114551746,48.4150641025641,0.2708117542808641,
1,0,-3.0713760565605233,0.0,GO:0010817,M10,1,0.25438279684613696,GO Biological Processes,19,regulation of hormone levels,19_GO:0065007 biological regulation,-4.092721712202577,4.135814914376742,5.170365563330068,30211,496,162,11,6.790123456790123,1.976570432234508,126|2691|2693|3814|5126|6447|6822|7021|27344|64577|91608,ADH1C|GHRH|GHSR|KISS1|PCSK2|SCG5|SULT2A1|TFAP2B|PCSK1N|ALDH8A1|RASL10B,-1.6855555497936219,2.0,12,0,0,0,-4.48164114551746,48.4150641025641,0.2708117542808641,
1,0,-2.7544945827502105,0.0,GO:0016486,M10,1,0.2336525654892574,GO Biological Processes,19,peptide hormone processing,19_GO:0008152 metabolic process,-3.0960599840263328,16.454793028322438,6.620373299733825,30211,34,162,3,1.8518518518518519,1.0592212079204733,5126|6447|27344,PCSK2|SCG5|PCSK1N,-0.9562004450306089,2.0,12,0,0,0,-4.48164114551746,48.4150641025641,0.2708117542808641,
1,0,-2.720643284661859,0.0,GO:0016485,M10,1,0.2312292731414367,GO Biological Processes,19,protein processing,19_GO:0008152 metabolic process,-3.560272125759633,12.768808114961962,6.61250946638848,30211,182,52,4,7.6923076923076925,3.695265087809703,3250|4311|5126|6447,HPR|MME|PCSK2|SCG5,-1.317390431688016,3.0,12,0,0,0,-4.48164114551746,48.4150641025641,0.2708117542808641,
1,0,-2.6822811940291698,0.0,GO:0140448,M10,1,0.22842921349366185,GO Biological Processes,19,signaling receptor ligand precursor processing,19_GO:0008152 metabolic process,-4.48164114551746,48.4150641025641,11.819865069480484,30211,36,52,3,5.769230769230769,3.2333569518334904,4311|5126|6447,MME|PCSK2|SCG5,-1.8846969501415962,3.0,12,0,0,1,-4.48164114551746,48.4150641025641,0.2708117542808641,
0,1,0.0,-2.2234266288009175,R-HSA-3906995,M01,1,0.18977113018018676,Reactome Gene Sets,6,Diseases associated with O-glycosylation of proteins,,-2.230802347768132,8.227396514161219,4.38087598830575,30211,68,162,3,1.8518518518518519,1.0592212079204733,4588|339366|727897,MUC6|ADAMTSL5|MUC5B,-0.30175451810175935,2.0,13,0,0,0,-3.9617232785096803,16.251210328133407,0.2474620689668774,
0,1,0.0,-2.9598011906925814,R-HSA-3781865,M01,1,0.2474620689668774,Reactome Gene Sets,6,Diseases of glycosylation,,-3.9617232785096803,16.251210328133407,7.5908187941704455,30211,143,52,4,7.6923076923076925,3.695265087809703,1463|4588|63827|727897,NCAN|MUC6|BCAN|MUC5B,-1.6106730580796567,3.0,13,1,1,1,-3.9617232785096803,16.251210328133407,0.2474620689668774,
1,0,-2.1246339413852247,0.0,GO:0032990,M10,1,0.17996251120645623,GO Biological Processes,19,cell part morphogenesis,19_GO:0032502 developmental process,-2.9352834118657314,2.5004690120949946,3.7279206816435346,30211,482,376,15,3.9893617021276597,1.0092934692022781,2017|2045|2823|4009|4884|4914|6456|6469|9576|51473|54910|84623|84631|113246|644168,CTTN|EPHA7|GPM6A|LMX1A|NPTX1|NTRK1|SH3GL2|SHH|SPAG6|DCDC2|SEMA4C|KIRREL3|SLITRK2|C12orf57|DRGX,-0.8510490865685872,1.0,14,0,0,0,-5.239565469825406,8.11142435226205,0.2552821449419549,
1,0,-2.226540168483097,0.0,GO:0031175,M10,1,0.19007049415717225,GO Biological Processes,19,neuron projection development,19_GO:0032502 developmental process,-4.89599796422945,7.273624653906345,6.655752711630145,30211,639,52,8,15.384615384615385,5.003412581446084,337|2017|2045|2670|4009|4914|5923|6456,APOA4|CTTN|EPHA7|GFAP|LMX1A|NTRK1|RASGRF1|SH3GL2,-2.129096145818687,3.0,14,0,0,0,-5.239565469825406,8.11142435226205,0.2552821449419549,
1,0,-2.2578775183877258,0.0,GO:0120039,M10,1,0.1930516895261043,GO Biological Processes,19,plasma membrane bounded cell projection morphogenesis,19_GO:0032502 developmental process,-3.1476361170075804,2.6257648449450706,3.9401454347311584,30211,459,376,15,3.9893617021276597,1.0092934692022781,2017|2045|2823|4009|4884|4914|6456|6469|9576|51473|54910|84623|84631|113246|644168,CTTN|EPHA7|GPM6A|LMX1A|NPTX1|NTRK1|SH3GL2|SHH|SPAG6|DCDC2|SEMA4C|KIRREL3|SLITRK2|C12orf57|DRGX,-0.9832372905026329,1.0,14,0,0,0,-5.239565469825406,8.11142435226205,0.2552821449419549,
1,0,-2.282032522437178,0.0,GO:0048812,M10,1,0.19531075845116308,GO Biological Processes,19,neuron projection morphogenesis,19_GO:0032502 developmental process,-3.1862288659389186,2.6488484919335984,3.9783724493189023,30211,455,376,15,3.9893617021276597,1.0092934692022781,2017|2045|2823|4009|4884|4914|6456|6469|9576|51473|54910|84623|84631|113246|644168,CTTN|EPHA7|GPM6A|LMX1A|NPTX1|NTRK1|SH3GL2|SHH|SPAG6|DCDC2|SEMA4C|KIRREL3|SLITRK2|C12orf57|DRGX,-1.0156347099670262,1.0,14,0,0,0,-5.239565469825406,8.11142435226205,0.2552821449419549,
1,0,-3.086338529580558,0.0,GO:0032989,M10,1,0.2552821449419549,GO Biological Processes,19,cellular component morphogenesis,19_GO:0032502 developmental process,-5.239565469825406,8.11142435226205,7.136380938689317,30211,573,52,8,15.384615384615385,5.003412581446084,2017|2045|4009|4624|4629|4914|6456|91807,CTTN|EPHA7|LMX1A|MYH6|MYH11|NTRK1|SH3GL2|MYLK3,-2.2730912965094383,3.0,14,1,1,1,-5.239565469825406,8.11142435226205,0.2552821449419549,
1,0,-2.2340216731712665,0.0,GO:0048858,M10,1,0.19078747730858447,GO Biological Processes,19,cell projection morphogenesis,19_GO:0032502 developmental process,-3.1095496098133526,2.6030800514682233,3.902321825848234,30211,463,376,15,3.9893617021276597,1.0092934692022781,2017|2045|2823|4009|4884|4914|6456|6469|9576|51473|54910|84623|84631|113246|644168,CTTN|EPHA7|GPM6A|LMX1A|NPTX1|NTRK1|SH3GL2|SHH|SPAG6|DCDC2|SEMA4C|KIRREL3|SLITRK2|C12orf57|DRGX,-0.9615212817402017,1.0,14,0,0,0,-5.239565469825406,8.11142435226205,0.2552821449419549,
0,1,0.0,-2.948202195913243,GO:0001708,M01,1,0.2467201651842723,GO Biological Processes,19,cell fate specification,19_GO:0032502 developmental process,-2.958081024619652,8.880364491475602,5.310383220346779,30211,84,162,4,2.4691358024691357,1.2192310586166788,8643|10215|10297|347853,PTCH2|OLIG2|APC2|TBX10,-0.8618156119009723,2.0,15,1,1,0,-3.4306875608060095,11.840485988634136,0.2467201651842723,
0,1,0.0,-2.3159819348327746,hsa05217,M01,1,0.19843020268129719,KEGG Pathway,24,Basal cell carcinoma,,-3.4306875608060095,11.840485988634136,6.324229649542506,30211,63,162,4,2.4691358024691357,1.2192310586166788,7475|8643|10297|64399,WNT6|PTCH2|APC2|HHIP,-1.218040947653508,2.0,15,0,0,1,-3.4306875608060095,11.840485988634136,0.2467201651842723,
1,0,-3.0058235997330365,0.0,hsa04922,M10,1,0.2503634458425368,KEGG Pathway,24,Glucagon signaling pathway,,-3.544911242235253,8.71437637013961,5.8694643306837655,30211,107,162,5,3.0864197530864197,1.3588211766912859,5260|5837|6514|8789|163688,PHKG1|PYGM|SLC2A2|FBP2|CALML6,-1.3088155375069284,2.0,16,1,1,1,-3.544911242235253,11.655478395061728,0.2503634458425368,
1,0,-2.3249283509134777,0.0,GO:0005977,M10,1,0.19924163937990902,GO Biological Processes,19,glycogen metabolic process,19_GO:0008152 metabolic process,-2.658936162676797,11.655478395061728,5.424680476455923,30211,48,162,3,1.8518518518518519,1.0592212079204733,5260|5502|5837,PHKG1|PPP1R1A|PYGM,-0.6426645209984144,2.0,16,0,0,0,-3.544911242235253,11.655478395061728,0.2503634458425368,
1,0,-2.2997262726517027,0.0,GO:0006073,M10,1,0.19694455922357856,GO Biological Processes,19,cellular glucan metabolic process,19_GO:0008152 metabolic process,-2.633196870442315,11.417611489040059,5.358632666366119,30211,49,162,3,1.8518518518518519,1.0592212079204733,5260|5502|5837,PHKG1|PPP1R1A|PYGM,-0.630903729099852,2.0,16,0,0,0,-3.544911242235253,11.655478395061728,0.2503634458425368,
1,0,-2.2997262726517027,0.0,GO:0044042,M10,1,0.19694455922357856,GO Biological Processes,19,glucan metabolic process,19_GO:0008152 metabolic process,-2.633196870442315,11.417611489040059,5.358632666366119,30211,49,162,3,1.8518518518518519,1.0592212079204733,5260|5502|5837,PHKG1|PPP1R1A|PYGM,-0.630903729099852,2.0,16,0,0,0,-3.544911242235253,11.655478395061728,0.2503634458425368,
1,0,-2.035701138996319,0.0,GO:0006112,M10,1,0.1705868087098239,GO Biological Processes,19,energy reserve metabolic process,19_GO:0008152 metabolic process,-2.3627527555719343,9.171523982999393,4.690748809318663,30211,61,162,3,1.8518518518518519,1.0592212079204733,5260|5502|5837,PHKG1|PPP1R1A|PYGM,-0.412266687640097,2.0,16,0,0,0,-3.544911242235253,11.655478395061728,0.2503634458425368,
0,1,0.0,-2.637830621007642,WP2064,M01,1,0.225110895975962,WikiPathways,27,Neural crest differentiation,,-2.7535473104234782,4.726376720901126,4.231993014513516,30211,102,376,6,1.5957446808510638,0.646241315425086,2670|4359|7021|8190|10215|116448,GFAP|MPZ|TFAP2B|MIA|OLIG2|OLIG1,-0.7186157564516589,1.0,17,1,1,1,-2.7535473104234782,4.726376720901126,0.225110895975962,
1,0,-2.93485559794101,0.0,GO:0014823,M10,1,0.24586106780557104,GO Biological Processes,19,response to activity,19_GO:0050896 response to stimulus,-3.710348135624591,26.81449704142012,8.651154430027269,30211,65,52,3,5.769230769230769,3.2333569518334904,158|219537|252995,ADSL|SMTNL1|FNDC5,-1.4464480909134674,3.0,18,1,1,1,-3.710348135624591,26.81449704142012,0.24586106780557104,
1,0,-2.2750895148013774,0.0,GO:0048168,M10,1,0.19466483420357839,GO Biological Processes,19,regulation of neuronal synaptic plasticity,19_GO:0023052 signaling,-2.6080232502376544,11.18925925925926,5.294471375419579,30211,50,162,3,1.8518518518518519,1.0592212079204733,5923|9148|57282,RASGRF1|NEURL1|SLC4A10,-0.6135203533214433,2.0,19,0,0,0,-6.3811027759646395,11.18925925925926,0.2244853945058607,
0,1,0.0,-2.6233492290213434,GO:0099177,M01,1,0.2240122503261721,GO Biological Processes,19,regulation of trans-synaptic signaling,19_GO:0023052 signaling,-4.660414947519215,4.78173472617917,5.792427890947925,30211,429,162,11,6.790123456790123,1.976570432234508,2670|2693|2911|3814|4311|4914|5024|5923|9148|57282|347730,GFAP|GHSR|GRM1|KISS1|MME|NTRK1|P2RX3|RASGRF1|NEURL1|SLC4A10|LRRTM1,-1.9739954696451558,2.0,19,0,0,0,-6.3811027759646395,11.18925925925926,0.2244853945058607,
1,1,-2.159010246003975,-2.441191649053359,GO:0007610,M11,2,0.03067054549851078,GO Biological Processes,19,behavior,19_GO:0007610 behavior,-6.3811027759646395,4.968587592921519,6.979275223422773,30211,563,162,15,9.25925925925926,2.2773604548537714,796|2693|2911|3062|4009|4311|4914|5024|5923|6506|8772|57282|64478|347730|387129,CALCA|GHSR|GRM1|HCRTR2|LMX1A|MME|NTRK1|P2RX3|RASGRF1|SLC1A2|FADD|SLC4A10|CSMD1|LRRTM1|NPSR1,-2.9629104821382644,2.0,19,0,0,1,-6.3811027759646395,11.18925925925926,0.2244853945058607,
0,1,0.0,-2.6295716454178,GO:0050804,M01,1,0.2244853945058607,GO Biological Processes,19,modulation of chemical synaptic transmission,19_GO:0023052 signaling,-4.66970675915662,4.792907003576786,5.802667910546607,30211,428,162,11,6.790123456790123,1.976570432234508,2670|2693|2911|3814|4311|4914|5024|5923|9148|57282|347730,GFAP|GHSR|GRM1|KISS1|MME|NTRK1|P2RX3|RASGRF1|NEURL1|SLC4A10|LRRTM1,-1.9739954696451558,2.0,19,1,1,0,-6.3811027759646395,11.18925925925926,0.2244853945058607,
1,0,-2.785154430522307,0.0,hsa04020,M10,1,0.23580998652622687,KEGG Pathway,24,Calcium signaling pathway,,-6.1266326033217,7.770318930041152,7.731824534002015,30211,240,162,10,6.172839506172839,1.8908160153758877,487|2248|2911|4914|5024|5260|9127|91807|163688|219931,ATP2A1|FGF3|GRM1|NTRK1|P2RX3|PHKG1|P2RX6|MYLK3|CALML6|TPCN2,-2.859128434341751,2.0,20,1,1,1,-6.1266326033217,7.770318930041152,0.23580998652622687,
0,1,0.0,-2.601402032288798,GO:0055082,M01,1,0.22233036161073372,GO Biological Processes,19,cellular chemical homeostasis,19_GO:0065007 biological regulation,-4.275520471548981,3.499768311653923,5.076142525379039,30211,746,162,14,8.641975308641975,2.2076100054089274,487|796|1356|2911|3062|3814|5024|6550|7021|57282|79054|79727|219931|387129,ATP2A1|CALCA|CP|GRM1|HCRTR2|KISS1|P2RX3|SLC9A3|TFAP2B|SLC4A10|TRPM8|LIN28A|TPCN2|NPSR1,-1.8025798349101412,2.0,21,1,1,0,-5.04669580402558,10.36042524005487,0.22233036161073372,
0,1,0.0,-2.500902885047234,hsa04080,M01,1,0.21435940017898902,KEGG Pathway,24,Neuroactive ligand-receptor interaction,,-4.648583026737012,5.282936383030812,5.94314707008209,30211,353,162,10,6.172839506172839,1.8908160153758877,796|2691|2693|2911|3062|3814|5024|6866|7253|9127,CALCA|GHRH|GHSR|GRM1|HCRTR2|KISS1|P2RX3|TAC3|TSHR|P2RX6,-1.9739954696451558,2.0,21,0,0,0,-5.04669580402558,10.36042524005487,0.22233036161073372,
0,1,0.0,-2.4002662289494108,R-HSA-500792,M01,1,0.20590538132392866,Reactome Gene Sets,6,GPCR ligand binding,,-5.04669580402558,4.7919739868348,6.063759408950597,30211,467,162,12,7.407407407407407,2.05761316872428,796|2691|2693|2911|3062|3814|5473|6866|7253|7475|8643|387129,CALCA|GHRH|GHSR|GRM1|HCRTR2|KISS1|PPBP|TAC3|TSHR|WNT6|PTCH2|NPSR1,-2.1771316437176687,2.0,21,0,0,1,-5.04669580402558,10.36042524005487,0.22233036161073372,
0,1,0.0,-2.1735521399437814,GO:0030003,M01,1,0.1848956765469385,GO Biological Processes,19,cellular cation homeostasis,19_GO:0065007 biological regulation,-4.492230751974769,3.9102250099561924,5.376014735778924,30211,620,162,13,8.024691358024691,2.134480976624888,487|796|1356|2911|3062|3814|5024|6550|7021|57282|79054|219931|387129,ATP2A1|CALCA|CP|GRM1|HCRTR2|KISS1|P2RX3|SLC9A3|TFAP2B|SLC4A10|TRPM8|TPCN2|NPSR1,-1.8846969501415962,2.0,21,0,0,0,-5.04669580402558,10.36042524005487,0.22233036161073372,
1,0,-2.138179562595841,0.0,GO:0007218,M10,1,0.18134391928394966,GO Biological Processes,19,neuropeptide signaling pathway,19_GO:0023052 signaling,-4.578393772102917,10.36042524005487,7.1551777245766,30211,108,162,6,3.7037037037037037,1.4837659569810655,796|3062|6447|6866|27344|387129,CALCA|HCRTR2|SCG5|TAC3|PCSK1N|NPSR1,-1.921904437103857,2.0,21,0,0,0,-5.04669580402558,10.36042524005487,0.22233036161073372,
0,1,0.0,-2.1089066192965475,GO:0006873,M01,1,0.17834350707314917,GO Biological Processes,19,cellular ion homeostasis,19_GO:0065007 biological regulation,-4.385905490181557,3.8178574900359674,5.2693133716655405,30211,635,162,13,8.024691358024691,2.134480976624888,487|796|1356|2911|3062|3814|5024|6550|7021|57282|79054|219931|387129,ATP2A1|CALCA|CP|GRM1|HCRTR2|KISS1|P2RX3|SLC9A3|TFAP2B|SLC4A10|TRPM8|TPCN2|NPSR1,-1.8422516481102955,2.0,21,0,0,0,-5.04669580402558,10.36042524005487,0.22233036161073372,
0,1,0.0,-2.0187152862690176,GO:0055074,M01,1,0.16873325068163347,GO Biological Processes,19,calcium ion homeostasis,19_GO:0065007 biological regulation,-3.8932475268648994,4.2870725131261525,5.070357638020882,30211,435,162,10,6.172839506172839,1.8908160153758877,487|796|2911|3062|3814|5024|7021|79054|219931|387129,ATP2A1|CALCA|GRM1|HCRTR2|KISS1|P2RX3|TFAP2B|TRPM8|TPCN2|NPSR1,-1.559399336542498,2.0,21,0,0,0,-5.04669580402558,10.36042524005487,0.22233036161073372,
1,0,-2.7044988380207813,0.0,GO:0002526,M10,1,0.23005795285003416,GO Biological Processes,19,acute inflammatory response,19_GO:0050896 response to stimulus,-3.1425891345335475,9.946008230452675,5.695540960966125,30211,75,162,4,2.4691358024691357,1.2192310586166788,1401|3250|91807|259249,CRP|HPR|MYLK3|MRGPRX1,-0.9832372905026329,2.0,22,1,1,1,-3.1425891345335475,9.946008230452675,0.23005795285003416,
0,1,0.0,-2.2730198657437697,GO:0001101,M01,1,0.19447175971455422,GO Biological Processes,19,response to acid chemical,19_GO:0050896 response to stimulus,-2.282397638208132,5.782562924681788,3.996870273093348,30211,129,162,4,2.4691358024691357,1.2192310586166788,359|4914|6506|9148,AQP2|NTRK1|SLC1A2|NEURL1,-0.3456453465118531,2.0,23,0,0,0,-2.4833345333169663,9.815139701104613,0.21197515153243107,
0,1,0.0,-2.4383915184106497,GO:0051289,M01,1,0.20916633703708154,GO Biological Processes,19,protein homotetramerization,19_GO:0009987 cellular process,-2.445882606343975,9.815139701104613,4.89116169210631,30211,57,162,3,1.8518518518518519,1.0592212079204733,359|362|51733,AQP2|AQP5|UPB1,-0.4794084330280075,2.0,23,0,0,0,-2.4833345333169663,9.815139701104613,0.21197515153243107,
0,1,0.0,-2.471922666813236,GO:0051260,M01,1,0.21197515153243107,GO Biological Processes,19,protein homooligomerization,19_GO:0009987 cellular process,-2.4833345333169663,5.040206873540207,4.047236520390397,30211,185,162,5,3.0864197530864197,1.3588211766912859,359|362|5024|6506|51733,AQP2|AQP5|P2RX3|SLC1A2|UPB1,-0.5132260753459047,2.0,23,1,1,1,-2.4833345333169663,9.815139701104613,0.21197515153243107,
1,0,-2.016387391090424,0.0,GO:0055002,M10,1,0.16847759576448174,GO Biological Processes,19,striated muscle cell development,19_GO:0032502 developmental process,-3.7713285327521793,28.11197270471464,8.873379853300388,30211,62,52,3,5.769230769230769,3.2333569518334904,4624|4629|91807,MYH6|MYH11|MYLK3,-1.4888466376936333,3.0,24,0,0,0,-4.915567854438544,43.57355769230769,0.2202913080292097,
1,0,-2.035701138996319,0.0,GO:0055013,M10,1,0.1705868087098239,GO Biological Processes,19,cardiac muscle cell development,19_GO:0032502 developmental process,-3.7923412480423098,28.572824716267338,8.950990270354316,30211,61,52,3,5.769230769230769,3.2333569518334904,4624|4629|91807,MYH6|MYH11|MYLK3,-1.495447369904353,3.0,24,0,0,0,-4.915567854438544,43.57355769230769,0.2202913080292097,
1,0,-2.035701138996319,0.0,GO:0030239,M10,1,0.1705868087098239,GO Biological Processes,19,myofibril assembly,19_GO:0032502 developmental process,-3.7923412480423098,28.572824716267338,8.950990270354316,30211,61,52,3,5.769230769230769,3.2333569518334904,4624|4629|91807,MYH6|MYH11|MYLK3,-1.495447369904353,3.0,24,0,0,0,-4.915567854438544,43.57355769230769,0.2202913080292097,
1,0,-2.108244620583812,0.0,GO:0048738,M10,1,0.1782750001793061,GO Biological Processes,19,cardiac muscle tissue development,19_GO:0032502 developmental process,-4.915567854438544,16.79135171187194,8.6491895981451,30211,173,52,5,9.615384615384615,4.088169705750142,4624|4629|4634|58498|91807,MYH6|MYH11|MYL3|MYL7|MYLK3,-2.1366036493700533,3.0,24,0,0,1,-4.915567854438544,43.57355769230769,0.2202913080292097,
1,0,-2.2043489135712817,0.0,WP2406,M10,1,0.18792412219383148,WikiPathways,27,Cardiac progenitor differentiation,,-3.9746081804525746,32.88570391872278,9.647199090967352,30211,53,52,3,5.769230769230769,3.2333569518334904,4624|79727|91807,MYH6|LIN28A|MYLK3,-1.6146944996912458,3.0,24,0,0,0,-4.915567854438544,43.57355769230769,0.2202913080292097,
1,0,-2.206056301215992,0.0,GO:0060537,M10,1,0.18809031843242408,GO Biological Processes,19,muscle tissue development,19_GO:0032502 developmental process,-3.740892033049836,9.493149824032175,6.200492136203915,30211,306,52,5,9.615384615384615,4.088169705750142,4624|4629|4634|58498|91807,MYH6|MYH11|MYL3|MYL7|MYLK3,-1.4673890134383156,3.0,24,0,0,0,-4.915567854438544,43.57355769230769,0.2202913080292097,
1,0,-2.354746185704749,0.0,GO:0014706,M10,1,0.20191485595506387,GO Biological Processes,19,striated muscle tissue development,19_GO:0032502 developmental process,-3.870366047452919,10.121616188689359,6.447205089148565,30211,287,52,5,9.615384615384615,4.088169705750142,4624|4629|4634|58498|91807,MYH6|MYH11|MYL3|MYL7|MYLK3,-1.5448699314952836,3.0,24,0,0,0,-4.915567854438544,43.57355769230769,0.2202913080292097,
1,0,-2.5501997123748383,0.0,R-HSA-445355,M10,1,0.2183257053076968,Reactome Gene Sets,6,Smooth Muscle Contraction,,-4.3426930557016306,43.57355769230769,11.187773179151417,30211,40,52,3,5.769230769230769,3.2333569518334904,72|4629|58498,ACTG2|MYH11|MYL7,-1.8155515762159256,3.0,24,0,0,0,-4.915567854438544,43.57355769230769,0.2202913080292097,
1,0,-2.575148104816238,0.0,hsa04270,M10,1,0.2202913080292097,KEGG Pathway,24,Vascular smooth muscle contraction,,-4.070939083342119,17.342709529276696,7.87277371546889,30211,134,52,4,7.6923076923076925,3.695265087809703,72|796|4629|91807,ACTG2|CALCA|MYH11|MYLK3,-1.6687363404647142,3.0,24,1,1,0,-4.915567854438544,43.57355769230769,0.2202913080292097,
1,0,-2.1711984921881475,0.0,hsa04022,M10,1,0.18466180768457874,KEGG Pathway,24,cGMP-PKG signaling pathway,,-2.522054141821337,10.43678028558268,5.077755302174487,30211,167,52,3,5.769230769230769,3.2333569518334904,487|4624|91807,ATP2A1|MYH6|MYLK3,-0.5464365890654999,3.0,24,0,0,0,-4.915567854438544,43.57355769230769,0.2202913080292097,
0,1,0.0,-2.4564288165854737,GO:0051962,M01,1,0.2106840461456756,GO Biological Processes,19,positive regulation of nervous system development,19_GO:0032502 developmental process,-3.1885124354245056,4.852838588278488,4.660520364571455,30211,269,162,7,4.320987654320987,1.5975054456587263,2670|4311|4914|9148|10215|23440|347730,GFAP|MME|NTRK1|NEURL1|OLIG2|OTP|LRRTM1,-1.0156347099670262,2.0,25,1,1,1,-3.1885124354245056,7.459506172839506,0.2106840461456756,
0,1,0.0,-2.2492182564103635,GO:0010720,M01,1,0.19223366327358704,GO Biological Processes,19,positive regulation of cell development,19_GO:0032502 developmental process,-2.9381782994578773,4.395331920023278,4.317586771108557,30211,297,162,7,4.320987654320987,1.5975054456587263,335|2670|4311|9148|10215|10562|23440,APOA1|GFAP|MME|NEURL1|OLIG2|OLFM4|OTP,-0.8515642724153785,2.0,25,0,0,0,-3.1885124354245056,7.459506172839506,0.2106840461456756,
0,1,0.0,-2.202639777042814,GO:0048732,M01,1,0.18775757824273365,GO Biological Processes,19,gland development,19_GO:0032502 developmental process,-2.822053307761046,3.7204519565284317,4.0267078093784905,30211,401,162,8,4.938271604938271,1.702287194237429,247|335|2691|8772|9148|23440|51733|64478,ALOX15B|APOA1|GHRH|FADD|NEURL1|OTP|UPB1|CSMD1,-0.7763978883974535,2.0,25,0,0,0,-3.1885124354245056,7.459506172839506,0.2106840461456756,
0,1,0.0,-2.1058341242042395,GO:0021536,M01,1,0.1780253033454533,GO Biological Processes,19,diencephalon development,19_GO:0032502 developmental process,-2.113136804614397,7.459506172839506,4.112491409272861,30211,75,162,3,1.8518518518518519,1.0592212079204733,2691|10215|23440,GHRH|OLIG2|OTP,-0.1994206804612289,2.0,25,0,0,0,-3.1885124354245056,7.459506172839506,0.2106840461456756,
1,0,-2.2509951821039524,0.0,GO:0009409,M10,1,0.19240188188995444,GO Biological Processes,19,response to cold,19_GO:0050896 response to stimulus,-3.7862452219065155,14.626482691842169,7.151070282662384,30211,51,162,4,2.4691358024691357,1.2192310586166788,5024|7352|27344|79054,P2RX3|UCP3|PCSK1N|TRPM8,-1.495447369904353,2.0,26,1,1,1,-3.7862452219065155,14.626482691842169,0.19240188188995444,
0,1,0.0,-2.4170318023194644,WP4917,M01,1,0.20734834855174467,WikiPathways,27,Proximal tubule transport,,-3.5690197692245476,12.861217539378458,6.638895949984886,30211,58,162,4,2.4691358024691357,1.2192310586166788,1244|6514|6550|55867,ABCC2|SLC2A2|SLC9A3|SLC22A11,-1.322704899314537,2.0,27,1,1,1,-3.5690197692245476,12.861217539378458,0.20734834855174467,
0,1,0.0,-2.278015567502753,GO:0030858,M01,1,0.19493738531515992,GO Biological Processes,19,positive regulation of epithelial cell differentiation,19_GO:0032502 developmental process,-2.2854226790398426,8.607122507122506,4.50796047192177,30211,65,162,3,1.8518518518518519,1.0592212079204733,247|2302|8643,ALOX15B|FOXJ1|PTCH2,-0.3469772293241186,2.0,28,1,1,1,-2.2854226790398426,8.607122507122506,0.19493738531515992,
0,1,0.0,-2.014426707303014,GO:0001656,M01,1,0.1682619625226538,GO Biological Processes,19,metanephros development,19_GO:0032502 developmental process,-2.0216670199287106,6.90695016003658,3.90862592405389,30211,81,162,3,1.8518518518518519,1.0592212079204733,359|2302|7021,AQP2|FOXJ1|TFAP2B,-0.1282999449481746,2.0,28,0,0,0,-2.2854226790398426,8.607122507122506,0.19493738531515992,
0,1,0.0,-2.170672737377395,GO:0031644,M01,1,0.1846095189164354,GO Biological Processes,19,regulation of nervous system process,19_GO:0032501 multicellular organismal process,-2.109544919674965,3.4934088806660495,3.2957247392062623,30211,138,376,6,1.5957446808510638,0.646241315425086,2693|2911|4884|5024|10879|56853,GHSR|GRM1|NPTX1|P2RX3|SMR3B|CELF4,-0.19742840868159026,1.0,29,1,1,1,-2.109544919674965,3.4934088806660495,0.1846095189164354,
0,1,0.0,-2.014426707303014,GO:0008643,M01,1,0.1682619625226538,GO Biological Processes,19,carbohydrate transport,19_GO:0051179 localization,-4.114300374371527,11.511583600060966,6.95550953519533,30211,81,162,5,3.0864197530864197,1.3588211766912859,359|5473|6514|6527|7429,AQP2|PPBP|SLC2A2|SLC5A4|VIL1,-1.6970338850582458,2.0,30,1,1,1,-4.114300374371527,11.511583600060966,0.1682619625226538,
